{
  "files": {
    "src/rag/agent.py": {
      "classes": {
        "": {
          "excluded_lines": [],
          "executed_lines": [
            5,
            8,
            14,
            19,
            69,
            119,
            231
          ],
          "missing_lines": [],
          "start_line": 1,
          "summary": {
            "covered_lines": 7,
            "excluded_lines": 0,
            "missing_lines": 0,
            "num_statements": 7,
            "percent_covered": 100.0,
            "percent_covered_display": "100",
            "percent_statements_covered": 100.0,
            "percent_statements_covered_display": "100"
          }
        },
        "F1StrategyAgent": {
          "excluded_lines": [],
          "executed_lines": [
            16,
            17,
            30,
            31,
            32,
            37,
            38,
            39,
            40,
            41,
            42,
            45,
            49,
            51,
            56,
            60,
            81,
            82,
            83,
            87,
            98,
            99,
            130,
            133,
            134,
            142,
            143,
            145,
            146,
            154,
            155,
            158,
            159,
            162,
            163,
            170,
            171,
            179,
            180,
            188,
            189,
            197,
            198,
            206,
            208,
            216,
            233,
            236,
            238
          ],
          "missing_lines": [
            85,
            110,
            209,
            224
          ],
          "start_line": 8,
          "summary": {
            "covered_lines": 49,
            "excluded_lines": 0,
            "missing_lines": 4,
            "num_statements": 53,
            "percent_covered": 92.45283018867924,
            "percent_covered_display": "92",
            "percent_statements_covered": 92.45283018867924,
            "percent_statements_covered_display": "92"
          }
        }
      },
      "excluded_lines": [],
      "executed_lines": [
        5,
        8,
        14,
        16,
        17,
        19,
        30,
        31,
        32,
        37,
        38,
        39,
        40,
        41,
        42,
        45,
        49,
        51,
        56,
        60,
        69,
        81,
        82,
        83,
        87,
        98,
        99,
        119,
        130,
        133,
        134,
        142,
        143,
        145,
        146,
        154,
        155,
        158,
        159,
        162,
        163,
        170,
        171,
        179,
        180,
        188,
        189,
        197,
        198,
        206,
        208,
        216,
        231,
        233,
        236,
        238
      ],
      "functions": {
        "": {
          "excluded_lines": [],
          "executed_lines": [
            5,
            8,
            14,
            19,
            69,
            119,
            231
          ],
          "missing_lines": [],
          "start_line": 1,
          "summary": {
            "covered_lines": 7,
            "excluded_lines": 0,
            "missing_lines": 0,
            "num_statements": 7,
            "percent_covered": 100.0,
            "percent_covered_display": "100",
            "percent_statements_covered": 100.0,
            "percent_statements_covered_display": "100"
          }
        },
        "F1StrategyAgent.__init__": {
          "excluded_lines": [],
          "executed_lines": [
            16,
            17
          ],
          "missing_lines": [],
          "start_line": 14,
          "summary": {
            "covered_lines": 2,
            "excluded_lines": 0,
            "missing_lines": 0,
            "num_statements": 2,
            "percent_covered": 100.0,
            "percent_covered_display": "100",
            "percent_statements_covered": 100.0,
            "percent_statements_covered_display": "100"
          }
        },
        "F1StrategyAgent._handle_dangerous_situation": {
          "excluded_lines": [],
          "executed_lines": [
            81,
            82,
            83,
            87,
            98,
            99
          ],
          "missing_lines": [
            85,
            110
          ],
          "start_line": 69,
          "summary": {
            "covered_lines": 6,
            "excluded_lines": 0,
            "missing_lines": 2,
            "num_statements": 8,
            "percent_covered": 75.0,
            "percent_covered_display": "75",
            "percent_statements_covered": 75.0,
            "percent_statements_covered_display": "75"
          }
        },
        "F1StrategyAgent._is_weather_changing": {
          "excluded_lines": [],
          "executed_lines": [
            233,
            236,
            238
          ],
          "missing_lines": [],
          "start_line": 231,
          "summary": {
            "covered_lines": 3,
            "excluded_lines": 0,
            "missing_lines": 0,
            "num_statements": 3,
            "percent_covered": 100.0,
            "percent_covered_display": "100",
            "percent_statements_covered": 100.0,
            "percent_statements_covered_display": "100"
          }
        },
        "F1StrategyAgent._make_decision": {
          "excluded_lines": [],
          "executed_lines": [
            130,
            133,
            134,
            142,
            143,
            145,
            146,
            154,
            155,
            158,
            159,
            162,
            163,
            170,
            171,
            179,
            180,
            188,
            189,
            197,
            198,
            206,
            208,
            216
          ],
          "missing_lines": [
            209,
            224
          ],
          "start_line": 119,
          "summary": {
            "covered_lines": 24,
            "excluded_lines": 0,
            "missing_lines": 2,
            "num_statements": 26,
            "percent_covered": 92.3076923076923,
            "percent_covered_display": "92",
            "percent_statements_covered": 92.3076923076923,
            "percent_statements_covered_display": "92"
          }
        },
        "F1StrategyAgent.generate_strategy": {
          "excluded_lines": [],
          "executed_lines": [
            30,
            31,
            32,
            37,
            38,
            39,
            40,
            41,
            42,
            45,
            49,
            51,
            56,
            60
          ],
          "missing_lines": [],
          "start_line": 19,
          "summary": {
            "covered_lines": 14,
            "excluded_lines": 0,
            "missing_lines": 0,
            "num_statements": 14,
            "percent_covered": 100.0,
            "percent_covered_display": "100",
            "percent_statements_covered": 100.0,
            "percent_statements_covered_display": "100"
          }
        }
      },
      "missing_lines": [
        85,
        110,
        209,
        224
      ],
      "summary": {
        "covered_lines": 56,
        "excluded_lines": 0,
        "missing_lines": 4,
        "num_statements": 60,
        "percent_covered": 93.33333333333333,
        "percent_covered_display": "93",
        "percent_statements_covered": 93.33333333333333,
        "percent_statements_covered_display": "93"
      }
    },
    "src/validators/__init__.py": {
      "classes": {
        "": {
          "excluded_lines": [],
          "executed_lines": [
            3,
            4,
            6
          ],
          "missing_lines": [],
          "start_line": 1,
          "summary": {
            "covered_lines": 3,
            "excluded_lines": 0,
            "missing_lines": 0,